{
  "dataset": "monk_2",
  "baseline": [
    {
      "trial": 2,
      "mse": 0.17159762978553772,
      "acc": 0.7615740895271301,
      "formula": "ψ_0([1, -1, 0], ψ_0([0, 1]))",
      "representable": false,
      "layer_formulas": [
        [
          "ψ_1([1, 0, -1, 1, -1, 0, 0, -1, 1, 0, -1, 1], ψ_0([1, 0, 0, 0, 0, -1]))",
          "ψ_0([0, 1], ψ_0([1, 0, 1, -1, 1, 0, 0, 0, 1, 0, -1, -1, 1, 0, -1, 1]))",
          "ψ_1([0, -1, 1, 1, 0, -1, 1, -1, 1, -1, 0, 1], ψ_0([1, 0, 0, 0, 1, -1]))",
          "ψ_1([0, -1, 1, 1, 1, -1, 1, -1, 0, -1, 1, 1, 0, 1, -1, 1], ψ_0([1, -1]))",
          "ψ_1([1, 0, -1, 1, -1, 0, 0, 0, 1, 0, -1, 1, -1, 0, 0, 0], ψ_0([0, 0]))",
          "ψ_1([1, 0, -1, 1, -1, 0, 0, 0, 1, 0, -1, 1, -1, 0, 0, 0], ψ_0([0, 0]))",
          "ψ_1([1, 0, -1, 1, -1, 0, 0, 0, 1, 0, -1, 1, -1, 0, 0, 0], ψ_0([0, 0]))",
          "ψ_1([1, 0, -1, 1, 0, 0, 0, 0, 1, 0, -1, 1, 0, 0, 0, 0], ψ_0([0, 0]))"
        ],
        [
          "ψ_0([1, 0, -1, 0, 0, 0, 0], ψ_-1([0, 0]))",
          "¬ψ_1([1, 0, -1, 1, -1, 0, 0, -1, 1, 0, -1, 1], ψ_0([1, 0, 0, 0, 0, -1])) ⊗ ¬ψ_1([0, -1, 1, 1, 0, -1, 1, -1, 1, -1, 0, 1], ψ_0([1, 0, 0, 0, 1, -1])) ⊗ ¬ψ_1([1, 0, -1, 1, -1, 0, 0, 0, 1, 0, -1, 1, -1, 0, 0, 0], ψ_0([0, 0])) ⊗ ¬ψ_1([1, 0, -1, 1, -1, 0, 0, 0, 1, 0, -1, 1, -1, 0, 0, 0], ψ_0([0, 0])) ⊗ ¬ψ_1([1, 0, -1, 1, -1, 0, 0, 0, 1, 0, -1, 1, -1, 0, 0, 0], ψ_0([0, 0])) ⊗ ¬ψ_1([1, 0, -1, 1, 0, 0, 0, 0, 1, 0, -1, 1, 0, 0, 0, 0], ψ_0([0, 0]))",
          "ψ_0([-1, -1, -1, 0, -1, -1, -1], ψ_-1([-1, -1]))",
          "ψ_2([-1, 0, -1, 0, 0, 0, 0], ψ_-1([0, 1]))"
        ],
        [
          "ψ_0([1, -1, 0], ψ_0([0, 1]))"
        ]
      ]
    },
    {
      "trial": 3,
      "mse": 0.3372780978679657,
      "acc": 0.6712962985038757,
      "formula": "ψ_0([0, -1, 0], ψ_0([0, -1]))",
      "representable": false,
      "layer_formulas": [
        [
          "ψ_0([0, 0, 0, 0, 0, 0, 0, -1, -1, 0, 0, 0, 0, 0, 0, 0], ψ_0([0, 0]))",
          "ψ_1([1, 0, 0, 1, 0, 0, 1, -1, 1], ψ_0([1, 0, 0, 1, 0, 0, 0, 1, -1]))",
          "ψ_0([1, 0, 0, 1, 0, 0, 0, 0, 1, 0, -1, 1], ψ_0([1, 0, 0, 0, 0, -1]))",
          "¬is_smiling ⊗ holding=1 ⊗ ¬holding=2",
          "0",
          "0",
          "ψ_1([0, 1, -1, 0, 0, 1, 1, -1, 0, 1, 0, -1, 1, -1, 1, 0], ψ_0([0, 0]))",
          "0"
        ],
        [
          "¬ψ_0([0, 0, 0, 0, 0, 0, 0, -1, -1, 0, 0, 0, 0, 0, 0, 0], ψ_0([0, 0]))",
          "¬ψ_1([1, 0, 0, 1, 0, 0, 1, -1, 1], ψ_0([1, 0, 0, 1, 0, 0, 0, 1, -1])) ⊗ ¬ψ_0([1, 0, 0, 1, 0, 0, 0, 0, 1, 0, -1, 1], ψ_0([1, 0, 0, 0, 0, -1]))",
          "0",
          "ψ_1([-1, -1, 1, 0, 0, 0, 0], ψ_0([0, 0]))"
        ],
        [
          "ψ_0([0, -1, 0], ψ_0([0, -1]))"
        ]
      ]
    },
    {
      "trial": 5,
      "mse": 0.6627218723297119,
      "acc": 0.32870370149612427,
      "formula": "¬¬¬head_shape ⊗ ¬body_shape ⊗ ¬holding=1 ⊗ ¬head_shape ⊕ body_shape ⊕ holding=1 ⊕ jacket_col",
      "representable": false,
      "layer_formulas": [
        [
          "ψ_1([-1, 0, 1, -1, 1, 0, 0, 1, 0, 0, 1, -1, 1, 1, -1, 1], ψ_0([1, -1]))",
          "holding=1 ⊕ ¬has_tie=1 ⊕ has_tie=2",
          "0",
          "holding=1 ⊕ ¬has_tie=1 ⊕ has_tie=2",
          "¬head_shape ⊗ ¬body_shape ⊗ ¬holding=1",
          "¬has_tie=1 ⊗ has_tie=2",
          "¬has_tie=1 ⊕ has_tie=2",
          "head_shape ⊕ body_shape ⊕ holding=1 ⊕ jacket_col"
        ],
        [
          "1",
          "0",
          "¬¬head_shape ⊗ ¬body_shape ⊗ ¬holding=1 ⊗ ¬head_shape ⊕ body_shape ⊕ holding=1 ⊕ jacket_col",
          "0"
        ],
        [
          "¬¬¬head_shape ⊗ ¬body_shape ⊗ ¬holding=1 ⊗ ¬head_shape ⊕ body_shape ⊕ holding=1 ⊕ jacket_col"
        ]
      ]
    },
    {
      "trial": 7,
      "mse": 0.4674556255340576,
      "acc": 0.5231481194496155,
      "formula": "¬¬ψ_1([-1, 0, 0, 0, 0, 0, 0, 1], ψ_0([1, -1, 0, 0, 0, 0, 0, 0, 0, 1])) ⊗ 1 ⊗ ¬ψ_0([0, 0, 0, 0, -1, 0, 0], ψ_0([0, 0]))",
      "representable": false,
      "layer_formulas": [
        [
          "ψ_1([-1, 0, 0, 0, 0, 0, 0, 1], ψ_0([1, -1, 0, 0, 0, 0, 0, 0, 0, 1]))",
          "1",
          "ψ_1([-1, 0, 1, 0, 0, 0, -1, 1, -1, 0, 0, -1, 0, 1, 0, 0], ψ_0([0, 0]))",
          "body_shape ⊕ body_shape ⊕ ¬is_smiling ⊕ is_smiling ⊕ holding=2 ⊕ jacket_col ⊕ jacket_col",
          "ψ_1([0, 1, -1, -1, 0, 1, -1, 1, 0, 1, -1, 0, 0, -1, 1], ψ_0([1, -1, 0]))",
          "ψ_0([0, 1], ψ_0([1, 0, 0, 0, 0, 0, 0, 0, 0, 0, 0, 1, -1, 0, 0, -1]))",
          "ψ_1([-1, 0, 0, -1, 0, 0, -1, 0, -1, 0, 1, -1, 1, 0, 0, 0], ψ_0([0, 0]))",
          "ψ_1([0, 1, -1, -1, 0, 1, -1, 1, 0, 1, -1, 0, 0, -1, 1, 0], ψ_0([0, 0]))"
        ],
        [
          "¬ψ_1([-1, 0, 0, 0, 0, 0, 0, 1], ψ_0([1, -1, 0, 0, 0, 0, 0, 0, 0, 1])) ⊗ 1",
          "ψ_0([0, 0, 0, 0, -1, 0, 0], ψ_0([0, 0]))",
          "ψ_1([1, -1, 0, 1, 1, -1, -1], ψ_0([-1, 0]))",
          "ψ_0([-1, 1, 1, 0, -1, 1, 0], ψ_0([0, 0]))"
        ],
        [
          "¬¬ψ_1([-1, 0, 0, 0, 0, 0, 0, 1], ψ_0([1, -1, 0, 0, 0, 0, 0, 0, 0, 1])) ⊗ 1 ⊗ ¬ψ_0([0, 0, 0, 0, -1, 0, 0], ψ_0([0, 0]))"
        ]
      ]
    },
    {
      "trial": 9,
      "mse": 0.42603549361228943,
      "acc": 0.5833333134651184,
      "formula": "¬ψ_1([1, -1, 1, 1, -1, -1, 1, -1, 1, -1, -1, 0, 0, 0, 0, 1], ψ_0([1, -1])) ⊗ 1 ⊕ ¬ψ_0([-1, 1, 1, -1, 1, 1, -1, 1, -1, 0, 1, 1], ψ_0([1, 0, 0, 0, -1, 1])) ⊗ ¬ψ_0([1, 1, -1, -1, -1, 1, -1, 1, -1, 0, 0, -1, -1, -1, 1], ψ_0([1, -1, 0])) ⊗ ¬1",
      "representable": false,
      "layer_formulas": [
        [
          "ψ_0([-1, 1, 1, -1, 1, 1, -1, 1, -1, 0, 1, 1], ψ_0([1, 0, 0, 0, -1, 1]))",
          "ψ_1([1, -1, 1, 1, -1, -1, 1, -1, 1, -1, -1, 0, 0, 0, 0, 1], ψ_0([1, -1]))",
          "ψ_0([1, 1, -1, -1, -1, 1, -1, 1, -1, 0, 0, -1, -1, -1, 1], ψ_0([1, -1, 0]))",
          "0",
          "1",
          "ψ_0([1, -1, 0, -1, 1, 1, -1, 1, 0, 1, 0, 0, -1, 1, 1, 1], ψ_0([1, 0]))",
          "1",
          "1"
        ],
        [
          "¬ψ_1([1, -1, 1, 1, -1, -1, 1, -1, 1, -1, -1, 0, 0, 0, 0, 1], ψ_0([1, -1])) ⊗ 1",
          "0",
          "0",
          "¬ψ_0([-1, 1, 1, -1, 1, 1, -1, 1, -1, 0, 1, 1], ψ_0([1, 0, 0, 0, -1, 1])) ⊗ ¬ψ_0([1, 1, -1, -1, -1, 1, -1, 1, -1, 0, 0, -1, -1, -1, 1], ψ_0([1, -1, 0])) ⊗ ¬1"
        ],
        [
          "¬ψ_1([1, -1, 1, 1, -1, -1, 1, -1, 1, -1, -1, 0, 0, 0, 0, 1], ψ_0([1, -1])) ⊗ 1 ⊕ ¬ψ_0([-1, 1, 1, -1, 1, 1, -1, 1, -1, 0, 1, 1], ψ_0([1, 0, 0, 0, -1, 1])) ⊗ ¬ψ_0([1, 1, -1, -1, -1, 1, -1, 1, -1, 0, 0, -1, -1, -1, 1], ψ_0([1, -1, 0])) ⊗ ¬1"
        ]
      ]
    }
  ],
  "residual": [
    {
      "trial": 1,
      "mse": 0.18934911489486694,
      "acc": 0.7962962985038757,
      "formula": "¬(ψ_0([-1, 1, 1, -1, 0, 1, -1, 1, -1, 1, 1, -1, 0, 1], ψ_0([1, 0, -1, 0])) ⊕ ψ_0([1, 0, 0, 1, -1, 0, 1, -1, 1, -1, -1, 1], ψ_0([1, 0, 0, 0, 1, -1])))",
      "representable": false,