{
  "dataset": "monk_1",
  "baseline": [
    {
      "trial": 1,
      "mse": 0.25806450843811035,
      "acc": 0.6666666865348816,
      "formula": "¬¬body_shape ⊗ ¬jacket_col ⊕ ψ_0([0, -1, 0, 0, 0, 0, 0, 0, 0, 0, 0, -1, 0, 0, 0, 0], ψ_0([0, 0]))",
      "representable": false,
      "layer_formulas": [
        [
          "0",
          "0",
          "¬body_shape ⊗ ¬jacket_col",
          "0",
          "ψ_0([0, -1, 0, 0, 0, 0, 0, 0, 0, 0, 0, -1, 0, 0, 0, 0], ψ_0([0, 0]))",
          "ψ_0([0, -1, 0, 0, -1, 0, 0, 0, 0, 0, 0, 0, 0, 0, 0, 0], ψ_0([0, 0]))",
          "0",
          "0"
        ],
        [
          "¬body_shape ⊗ ¬jacket_col ⊕ ψ_0([0, -1, 0, 0, 0, 0, 0, 0, 0, 0, 0, -1, 0, 0, 0, 0], ψ_0([0, 0]))",
          "ψ_0([0, 0, 0, 0, 0, -1, 0], ψ_0([0, 0]))",
          "0",
          "1"
        ],
        [
          "¬¬body_shape ⊗ ¬jacket_col ⊕ ψ_0([0, -1, 0, 0, 0, 0, 0, 0, 0, 0, 0, -1, 0, 0, 0, 0], ψ_0([0, 0]))"
        ]
      ]
    },
    {
      "trial": 6,
      "mse": 0.2177419364452362,
      "acc": 0.75,
      "formula": "¬¬jacket_col ⊕ 0",
      "representable": false,
      "layer_formulas": [
        [
          "jacket_col",
          "¬jacket_col",
          "ψ_0([0, 0, 0, 0, 0, 0, 0, 0, 0, 0, 0, -1, 0, 0, 0, 0], ψ_0([0, 0]))",
          "0",
          "0",
          "0",
          "head_shape ⊕ ¬body_shape ⊕ body_shape ⊕ body_shape",
          "ψ_1([1, -1, 0, -1, 1, 0, 0, 0, 0, 0, 0, 0, 0, 0, 0, 0], ψ_0([0, 0]))"
        ],
        [
          "¬jacket_col",
          "0",
          "0",
          "0"
        ],
        [
          "¬¬jacket_col ⊕ 0"
        ]
      ]
    },
    {
      "trial": 7,
      "mse": 0.2661290466785431,
      "acc": 0.6944444179534912,
      "formula": "¬ψ_1([-1, 0, 1, -1, 1, 1, 0, 0, 0, 0, 0, -1, 1, 1, 0, 0], ψ_0([0, 0])) ⊗ ¬ψ_0([0, 0, -1, 0, 0, 0, 0, 0, 0, 0, 0, 0, 0, 0, 0, 0], ψ_0([0, 0]))",
      "representable": false,
      "layer_formulas": [
        [
          "¬jacket_col ⊗ jacket_col",
          "ψ_1([-1, 0, 1, -1, 1, 1, 0, 0, 0, 0, 0, -1, 1, 1, 0, 0], ψ_0([0, 0]))",
          "ψ_0([-1, 0, 0, -1, 0, 0, 0, -1, 0, -1, 0, 0, 0, 0, -1, -1], ψ_0([-1, 0]))",
          "ψ_0([-1, 0, 1], ψ_0([1, 0, 1, -1, 1, -1, -1, 0, 0, 1, 0, -1, 0, 0, -1]))",
          "ψ_1([-1, 1, 0, 1, -1, 0, 1, -1, 0, 0, 0, 1, -1, 0, 1, 0], ψ_0([0, 0]))",
          "ψ_1([-1, 1, 0, -1, 0, 1, 0, 0, 0, 0, 0, 0, 0, 0, 0, 0], ψ_0([0, 0]))",
          "ψ_0([0, 0, -1, 0, 0, 0, 0, 0, 0, 0, 0, 0, 0, 0, 0, 0], ψ_0([0, 0]))",
          "ψ_1([1, -1, 1, -1, 1, 0, -1, 1, 0, 0, 1, 1], ψ_0([1, 0, 0, 0, 1, -1]))"
        ],
        [
          "ψ_1([0, 0, 0, -1, 1, -1, 0], ψ_0([0, -1]))",
          "ψ_0([0, 0, 0, 1], ψ_0([1, 0, 1, -1, -1]))",
          "ψ_2([0, 1, 0, 0, 1, 0, 0], ψ_-1([0, 0]))",
          "¬ψ_1([-1, 0, 1, -1, 1, 1, 0, 0, 0, 0, 0, -1, 1, 1, 0, 0], ψ_0([0, 0])) ⊗ ¬ψ_0([0, 0, -1, 0, 0, 0, 0, 0, 0, 0, 0, 0, 0, 0, 0, 0], ψ_0([0, 0]))"
        ],
        [
          "¬ψ_1([-1, 0, 1, -1, 1, 1, 0, 0, 0, 0, 0, -1, 1, 1, 0, 0], ψ_0([0, 0])) ⊗ ¬ψ_0([0, 0, -1, 0, 0, 0, 0, 0, 0, 0, 0, 0, 0, 0, 0, 0], ψ_0([0, 0]))"
        ]
      ]
    },
    {
      "trial": 9,
      "mse": 0.5403226017951965,
      "acc": 0.5,
      "formula": "ψ_1([0, 0, 0, -1, -1, 1, 0, 0, -1, 0, 1, 0, 0, 0, 1, 0], ψ_0([0, 0])) ⊕ ¬¬jacket_col ⊕ ψ_2([0, 0, 0, 0, 0, 0, 0, 0, 0, 0, 0, 1, 0, 0, 0, 0], ψ_-1([0, 0])) ⊕ ψ_0([-1, 1], ψ_0([1, -1, -1, 1, -1, -1, 0, 0, 0, -1, 0, 0, 0, 0, 0, -1])) ⊕ ¬¬jacket_col ⊕ ¬ψ_2([0, 0, 0, 0, 0, 0, 0, 0, 0, 0, 0, 1, 0, 0, 0, 0], ψ_-1([0, 0]))",
      "representable": false,
      "layer_formulas": [
        [
          "ψ_1([0, 0, 0, -1, -1, 1, 0, 0, -1, 0, 1, 0, 0, 0, 1, 0], ψ_0([0, 0]))",
          "¬jacket_col",
          "ψ_2([0, 0, 0, 0, 0, 0, 0, 0, 0, 0, 0, 1, 0, 0, 0, 0], ψ_-1([0, 0]))",
          "ψ_0([-1, 1, 1, -1, 0, 1, 1, -1, -1, 1, 1, 0, -1, 0, 1], ψ_0([1, 1, -1]))",
          "0",
          "ψ_0([-1, 1], ψ_0([1, -1, -1, 1, -1, -1, 0, 0, 0, -1, 0, 0, 0, 0, 0, -1]))",
          "ψ_0([0, 0, -1, 0, -1, 0, -1, 0, -1, 0, 0, 0, 0, 0, -1, 0], ψ_0([0, -1]))",
          "0"
        ],
        [
          "¬jacket_col ⊗ ¬ψ_2([0, 0, 0, 0, 0, 0, 0, 0, 0, 0, 0, 1, 0, 0, 0, 0], ψ_-1([0, 0])) ⊗ ¬ψ_0([-1, 1], ψ_0([1, -1, -1, 1, -1, -1, 0, 0, 0, -1, 0, 0, 0, 0, 0, -1]))",
          "ψ_1([0, 0, 0, -1, -1, 1, 0, 0, -1, 0, 1, 0, 0, 0, 1, 0], ψ_0([0, 0])) ⊕ ¬¬jacket_col ⊕ ψ_2([0, 0, 0, 0, 0, 0, 0, 0, 0, 0, 0, 1, 0, 0, 0, 0], ψ_-1([0, 0])) ⊕ ψ_0([-1, 1], ψ_0([1, -1, -1, 1, -1, -1, 0, 0, 0, -1, 0, 0, 0, 0, 0, -1]))",
          "0",
          "¬jacket_col ⊕ ¬ψ_2([0, 0, 0, 0, 0, 0, 0, 0, 0, 0, 0, 1, 0, 0, 0, 0], ψ_-1([0, 0]))"
        ],
        [
          "ψ_1([0, 0, 0, -1, -1, 1, 0, 0, -1, 0, 1, 0, 0, 0, 1, 0], ψ_0([0, 0])) ⊕ ¬¬jacket_col ⊕ ψ_2([0, 0, 0, 0, 0, 0, 0, 0, 0, 0, 0, 1, 0, 0, 0, 0], ψ_-1([0, 0])) ⊕ ψ_0([-1, 1], ψ_0([1, -1, -1, 1, -1, -1, 0, 0, 0, -1, 0, 0, 0, 0, 0, -1])) ⊕ ¬¬jacket_col ⊕ ¬ψ_2([0, 0, 0, 0, 0, 0, 0, 0, 0, 0, 0, 1, 0, 0, 0, 0], ψ_-1([0, 0]))"
        ]
      ]
    },
    {
      "trial": 10,
      "mse": 0.15322580933570862,
      "acc": 0.7916666865348816,
      "formula": "¬ψ_1([1, -1, 0, 1, -1, 1], ψ_0([1, 0, 0, 0, 0, 0, 0, 0, 0, 0, 0, 1])) ⊕ jacket_col ⊕ ¬head_shape ⊗ head_shape ⊗ ¬body_shape ⊗ is_smiling ⊗ ¬is_smiling ⊗ ¬holding=3 ⊗ ¬jacket_col ⊗ ¬jacket_col ⊗ ¬has_tie=2",
      "representable": false,
      "layer_formulas": [
        [
          "ψ_1([1, 0, 0, 1, 0, 0, 1, -1, 1, 0, -1, -1, 0, 1], ψ_0([1, 0, 0, 1]))",
          "ψ_1([1, -1, 0, 1, -1, 1], ψ_0([1, 0, 0, 0, 0, 0, 0, 0, 0, 0, 0, 1]))",
          "ψ_0([0, 1, -1, 0, -1, 0, -1, 1, 0, 0, 0, -1, 0, 0, 0, 0], ψ_0([0, 0]))",
          "jacket_col",
          "0",
          "0",
          "ψ_1([1, 0, 0, 1, 0, 0, 1, -1, 1, 0, -1, -1, 0, 1], ψ_0([1, 0, 0, 1]))",
          "¬head_shape ⊗ head_shape ⊗ ¬body_shape ⊗ is_smiling ⊗ ¬is_smiling ⊗ ¬holding=3 ⊗ ¬jacket_col ⊗ ¬jacket_col ⊗ ¬has_tie=2"
        ],
        [
          "¬ψ_1([1, -1, 0, 1, -1, 1], ψ_0([1, 0, 0, 0, 0, 0, 0, 0, 0, 0, 0, 1])) ⊕ jacket_col ⊕ ¬head_shape ⊗ head_shape ⊗ ¬body_shape ⊗ is_smiling ⊗ ¬is_smiling ⊗ ¬holding=3 ⊗ ¬jacket_col ⊗ ¬jacket_col ⊗ ¬has_tie=2",
          "0",
          "ψ_0([0, 0, -1, 0, 0, 0, 0], ψ_0([0, -1]))",
          "0"
        ],
        [
          "¬ψ_1([1, -1, 0, 1, -1, 1], ψ_0([1, 0, 0, 0, 0, 0, 0, 0, 0, 0, 0, 1])) ⊕ jacket_col ⊕ ¬head_shape ⊗ head_shape ⊗ ¬body_shape ⊗ is_smiling ⊗ ¬is_smiling ⊗ ¬holding=3 ⊗ ¬jacket_col ⊗ ¬jacket_col ⊗ ¬has_tie=2"
        ]
      ]
    }
  ],
  "residual": [
    {
      "trial": 1,
      "mse": 0.4516128897666931,
      "acc": 0.5787037014961243,
      "formula": "(ψ_1([-1, 0], ψ_0([0, -1, 1])) ⊗ ψ_0([1, -1, 1, 1, -1, 1, 1, -1, 1, -1, 1, -1, -1, 1, 1, 0], ψ_0([0, 0]))) ⊕ ¬(0 ⊕ ¬head_shape ⊗ ¬body_shape ⊗ ¬jacket_col)",
      "representable": false,
      "layer_formulas": [
        [
          "ψ_1([-1, 1, 0, 0, 0, -1, 0, 0, 0, 0, 0, 0, 0, 0, 0, 0], ψ_0([0, 0]))",
          "ψ_0([1, -1, 1, 1, -1, 1, 1, -1, 1, -1, 1, -1, -1, 1, 1, 0], ψ_0([0, 0]))",
          "ψ_1([-1, 1, 0, 0, 0, -1, 0, 0, 0, 0, 0, 0, 0, 0, 0, 0], ψ_0([0, 0]))",
          "¬head_shape ⊗ ¬body_shape ⊗ ¬jacket_col"
        ],
        [
          "(ψ_0([0, 0, 0], ψ_0([0, -1])) ⊗ ψ_1([-1, 1, 0, 0, 0, -1, 0, 0, 0, 0, 0, 0, 0, 0, 0, 0], ψ_0([0, 0])))",
          "(ψ_1([-1, 0], ψ_0([0, -1, 1])) ⊗ ψ_0([1, -1, 1, 1, -1, 1, 1, -1, 1, -1, 1, -1, -1, 1, 1, 0], ψ_0([0, 0])))",
          "(ψ_0([0, 0, 0], ψ_0([0, -1])) ⊗ ψ_1([-1, 1, 0, 0, 0, -1, 0, 0, 0, 0, 0, 0, 0, 0, 0, 0], ψ_0([0, 0])))",
          "(0 ⊕ ¬head_shape ⊗ ¬body_shape ⊗ ¬jacket_col)"
        ],
        [
          "(ψ_1([-1, 0], ψ_0([0, -1, 1])) ⊗ ψ_0([1, -1, 1, 1, -1, 1, 1, -1, 1, -1, 1, -1, -1, 1, 1, 0], ψ_0([0, 0]))) ⊕ ¬(0 ⊕ ¬head_shape ⊗ ¬body_shape ⊗ ¬jacket_col)"
        ]
      ]
    },
    {
      "trial": 3,
      "mse": 0.14516128599643707,
      "acc": 0.8148148059844971,