{
  "label": "proximal_monk_3_smoke",
  "timestamp": "20260604_203531",
  "status": "done",
  "n_combos": 1,
  "n_trials_per_combo": 2,
  "best_score": 0.6833333253860474,
  "best_params": {
    "hidden_layers": [
      4,
      4
    ],
    "lr": 0.005,
    "lambda_sparse": 0.001
  },
  "top10": [
    {
      "rank": 1,
      "params": {
        "hidden_layers": [
          4,
          4
        ],
        "lr": 0.005,
        "lambda_sparse": 0.001
      },
      "score": 0.6833333253860474,
      "accuracy_mean": 0.4722222089767456,
      "accuracy_std": 0.0,
      "crystallization_rate": 1.0,
      "mse_mean": 0.5245901346206665,
      "n_trials": 2
    }
  ],
  "all": [
    {
      "rank": 1,
      "params": {
        "hidden_layers": [
          4,
          4
        ],
        "lr": 0.005,
        "lambda_sparse": 0.001
      },
      "score": 0.6833333253860474,
      "accuracy_mean": 0.4722222089767456,
      "accuracy_std": 0.0,
      "crystallization_rate": 1.0,
      "mse_mean": 0.5245901346206665,
      "n_trials": 2
    }
  ]
}