{
  "dataset": "monk_2",
  "best_params": {
    "lm_residual": {
      "hidden_width": 4,
      "n_blocks": 1,
      "mu_init": 0.01
    },
    "ste": {
      "hidden_layers": [
        6,
        4
      ],
      "lr": 0.005
    },
    "proximal": {
      "hidden_layers": [
        4,
        4
      ],
      "lr": 0.005,
      "lambda_sparse": 0.0001
    }
  },
  "stats": {
    "accuracy": {
      "lm_residual": {
        "mean": 0.6312499940395355,
        "std": 0.24308139416037644
      },
      "ste": {
        "mean": 0.7041666686534882,
        "std": 0.07030333106131903
      },
      "proximal": {
        "mean": 0.6712962985038757,
        "std": 0.0
      },
      "p_values": {
        "LM/STE": 0.3828125,
        "LM/PRX": 0.921875,
        "STE/PRX": 0.25
      }
    },
    "f1": {
      "lm_residual": {
        "mean": 0.3655411481979273,
        "std": 0.3473917051832759
      },
      "ste": {
        "mean": 0.1793244530393447,
        "std": 0.28623056656483614
      },
      "proximal": {
        "mean": 0.0,
        "std": 0.0
      },
      "p_values": {
        "LM/STE": 0.296875,
        "LM/PRX": 0.015625,
        "STE/PRX": 0.125
      }
    },
    "final_mse": {
      "lm_residual": {
        "mean": 0.30745045468211174,
        "std": 0.09614727348374691
      },
      "ste": {
        "mean": 0.28994082286953926,
        "std": 0.08455996021252912
      },
      "proximal": {
        "mean": 0.3372780978679657,
        "std": 0.0
      },
      "p_values": {
        "LM/STE": 0.546875,
        "LM/PRX": 0.546875,
        "STE/PRX": 0.125
      }
    },
    "lambda_similarity": {
      "lm_residual": {
        "mean": 0.7404478112727058,
        "std": 0.08015048538553941
      },
      "ste": {
        "mean": 0.7456259352886805,
        "std": 0.0551887499770322
      },
      "proximal": {
        "mean": 0.7198562774891214,
        "std": 0.0
      },
      "p_values": {
        "LM/STE": 0.546875,
        "LM/PRX": 0.8125,
        "STE/PRX": 0.25
      }
    },
    "total_time_s": {
      "lm_residual": {
        "mean": 0.14907304520000936,
        "std": 0.08459170213270965
      },
      "ste": {
        "mean": 0.5977618446000065,
        "std": 0.3591254606003778
      },
      "proximal": {
        "mean": 0.9146513471999697,
        "std": 0.8247020597730527
      },
      "p_values": {
        "LM/STE": 0.001953125,
        "LM/PRX": 0.001953125,
        "STE/PRX": 0.431640625
      }
    },
    "iterations": {
      "lm_residual": {
        "mean": 135.3,
        "std": 194.08992761088865
      },
      "ste": {
        "mean": 482.1,
        "std": 286.8156395859736
      },
      "proximal": {
        "mean": 567.5,
        "std": 840.4302139050241
      },
      "p_values": {
        "LM/STE": 0.009765625,
        "LM/PRX": 0.037109375,
        "STE/PRX": 0.76953125
      }
    }
  },
  "lm_residual": [
    {
      "method": "LM_Residual",
      "dataset": "monk_2",
      "trial": 0,
      "final_mse": 0.18934911489486694,
      "accuracy": 0.7962962985038757,
      "f1": 0.580952380952381,
      "is_crystallized": true,
      "delta_n": 0.0,
      "lambda_similarity": 0.8157040272672419,
      "total_time_s": 0.10523371800002224,
      "iterations": 31,
      "converged": true
    },
    {
      "method": "LM_Residual",
      "dataset": "monk_2",
      "trial": 1,
      "final_mse": 0.43195265531539917,
      "accuracy": 0.5787037014961243,
      "f1": 0.08080808080808081,
      "is_crystallized": true,
      "delta_n": 0.0,
      "lambda_similarity": 0.6561956428144828,
      "total_time_s": 0.2834240139999338,
      "iterations": 86,
      "converged": true
    },
    {
      "method": "LM_Residual",
      "dataset": "monk_2",
      "trial": 2,
      "final_mse": 0.37278106808662415,
      "accuracy": 0.6597222089767456,
      "f1": 0.6161879895561357,
      "is_crystallized": true,
      "delta_n": 0.0,
      "lambda_similarity": 0.7115726268166782,
      "total_time_s": 0.05654471300010755,
      "iterations": 16,
      "converged": true
    },
    {
      "method": "LM_Residual",
      "dataset": "monk_2",
      "trial": 3,
      "final_mse": 0.3372780978679657,
      "accuracy": 0.6712962985038757,
      "f1": 0.0,
      "is_crystallized": false,
      "delta_n": 32.785682678222656,
      "lambda_similarity": 0.7198562774891214,
      "total_time_s": 0.17191351799999666,
      "iterations": 500,
      "converged": false
    },
    {
      "method": "LM_Residual",
      "dataset": "monk_2",
      "trial": 4,
      "final_mse": 0.3372780978679657,
      "accuracy": 0.6712962985038757,
      "f1": 0.0,
      "is_crystallized": false,
      "delta_n": 48.07223892211914,
      "lambda_similarity": 0.7198562774891214,
      "total_time_s": 0.14939735100006146,
      "iterations": 500,
      "converged": false
    },
    {
      "method": "LM_Residual",
      "dataset": "monk_2",
      "trial": 5,
      "final_mse": 0.3136094808578491,
      "accuracy": 0.7314814925193787,
      "f1": 0.71,
      "is_crystallized": true,
      "delta_n": 0.0,
      "lambda_similarity": 0.7645112735013389,
      "total_time_s": 0.11899289199993746,
      "iterations": 34,
      "converged": true
    },
    {
      "method": "LM_Residual",
      "dataset": "monk_2",
      "trial": 6,
      "final_mse": 0.3254437744617462,
      "accuracy": 0.6597222089767456,
      "f1": 0.1694915254237288,
      "is_crystallized": true,
      "delta_n": 0.0,
      "lambda_similarity": 0.7115726268166782,
      "total_time_s": 0.1245492440000362,
      "iterations": 37,
      "converged": true
    },
    {
      "method": "LM_Residual",
      "dataset": "monk_2",
      "trial": 7,
      "final_mse": 0.10650887340307236,
      "accuracy": 0.9282407164573669,
      "f1": 0.8970099667774086,
      "is_crystallized": true,
      "delta_n": 0.0,
      "lambda_similarity": 0.9307549376776062,
      "total_time_s": 0.056166923999967366,
      "iterations": 16,
      "converged": true
    },
    {
      "method": "LM_Residual",
      "dataset": "monk_2",
      "trial": 8,
      "final_mse": 0.2756879925727844,
      "accuracy": 0.0,
      "f1": 0.0,
      "is_crystallized": false,
      "delta_n": 28.10887908935547,
      "lambda_similarity": 0.6934995586570845,
      "total_time_s": 0.3050575810000282,
      "iterations": 97,
      "converged": false
    },
    {
      "method": "LM_Residual",
      "dataset": "monk_2",
      "trial": 9,
      "final_mse": 0.38461539149284363,
      "accuracy": 0.6157407164573669,
      "f1": 0.6009615384615384,
      "is_crystallized": true,
      "delta_n": 0.0,
      "lambda_similarity": 0.6809548641977033,
      "total_time_s": 0.11945049700000254,
      "iterations": 36,
      "converged": true
    }
  ],
  "ste": [
    {
      "method": "STE",
      "dataset": "monk_2",
      "trial": 0,
      "final_mse": 0.1538461595773697,
      "accuracy": 0.8078703880310059,
      "f1": 0.6343612334801763,
      "is_crystallized": true,
      "delta_n": 0.0,
      "lambda_similarity": 0.8251998934789699,
      "total_time_s": 0.9078839899999593,
      "iterations": 744,
      "converged": false
    },
    {
      "method": "STE",
      "dataset": "monk_2",
      "trial": 1,
      "final_mse": 0.3372780978679657,
      "accuracy": 0.6712962985038757,
      "f1": 0.0,
      "is_crystallized": true,
      "delta_n": 0.0,
      "lambda_similarity": 0.7198562774891214,
      "total_time_s": 0.45468819600000643,
      "iterations": 368,
      "converged": false
    },
    {
      "method": "STE",
      "dataset": "monk_2",
      "trial": 2,
      "final_mse": 0.1124260351061821,
      "accuracy": 0.8611111044883728,
      "f1": 0.7580645161290323,
      "is_crystallized": true,
      "delta_n": 0.0,
      "lambda_similarity": 0.8703247200694576,
      "total_time_s": 1.4828665159999446,
      "iterations": 1184,
      "converged": false
    },
    {
      "method": "STE",
      "dataset": "monk_2",
      "trial": 3,